"country","species","indoor_host","outdoor_host","combined_host","host_unit","indoor_biting","outdoor_biting","indoor_outdoor_biting_units","combined_1830_2130","combined_2130_0030","combined_0030_0330","combined_0330_0630","citation"
"Indonesia","Anopheles aconitus",NA,NA,NA,"",19.4,80.6,"%","","","","","Stoops, C.A., Rusmiarto, S., Susapto, D., Munif, A., Andris, H., Barbara, K.A. and Sukowati, S. (2009).  Bionomics of Anopheles spp. (Diptera: Culicidae) in a malaria endemic region of Sukabumi, West Java, Indonesia. Journal of Vector Ecology, 34(2):200-207"
"Indonesia","Anopheles annularis complex",NA,NA,NA,"",11.1,88.9,"%","","","","","Stoops, C.A., Rusmiarto, S., Susapto, D., Munif, A., Andris, H., Barbara, K.A. and Sukowati, S. (2009).  Bionomics of Anopheles spp. (Diptera: Culicidae) in a malaria endemic region of Sukabumi, West Java, Indonesia. Journal of Vector Ecology, 34(2):200-207"
"Indonesia","Anopheles barbirostris",NA,NA,NA,"",6.4,93.6,"%","","","","","Stoops, C.A., Rusmiarto, S., Susapto, D., Munif, A., Andris, H., Barbara, K.A. and Sukowati, S. (2009).  Bionomics of Anopheles spp. (Diptera: Culicidae) in a malaria endemic region of Sukabumi, West Java, Indonesia. Journal of Vector Ecology, 34(2):200-207"
"Indonesia","Anopheles flavirostris",NA,NA,NA,"",17.4,82.6,"%","","","","","Stoops, C.A., Rusmiarto, S., Susapto, D., Munif, A., Andris, H., Barbara, K.A. and Sukowati, S. (2009).  Bionomics of Anopheles spp. (Diptera: Culicidae) in a malaria endemic region of Sukabumi, West Java, Indonesia. Journal of Vector Ecology, 34(2):200-207"
"Indonesia","Anopheles maculatus",NA,NA,NA,"",9.4,90.6,"%","","","","","Stoops, C.A., Rusmiarto, S., Susapto, D., Munif, A., Andris, H., Barbara, K.A. and Sukowati, S. (2009).  Bionomics of Anopheles spp. (Diptera: Culicidae) in a malaria endemic region of Sukabumi, West Java, Indonesia. Journal of Vector Ecology, 34(2):200-207"
"Indonesia","Anopheles minimus complex",NA,NA,NA,"",0,100,"%","","","","","Stoops, C.A., Rusmiarto, S., Susapto, D., Munif, A., Andris, H., Barbara, K.A. and Sukowati, S. (2009).  Bionomics of Anopheles spp. (Diptera: Culicidae) in a malaria endemic region of Sukabumi, West Java, Indonesia. Journal of Vector Ecology, 34(2):200-207"
"Indonesia","Anopheles aconitus",NA,NA,NA,"",59.1,40.9,"%","","","","","Stoops, C.A., Rusmiarto, S., Susapto, D., Munif, A., Andris, H., Barbara, K.A. and Sukowati, S. (2009).  Bionomics of Anopheles spp. (Diptera: Culicidae) in a malaria endemic region of Sukabumi, West Java, Indonesia. Journal of Vector Ecology, 34(2):200-207"
"Indonesia","Anopheles annularis complex",NA,NA,NA,"",47.1,52.9,"%","","","","","Stoops, C.A., Rusmiarto, S., Susapto, D., Munif, A., Andris, H., Barbara, K.A. and Sukowati, S. (2009).  Bionomics of Anopheles spp. (Diptera: Culicidae) in a malaria endemic region of Sukabumi, West Java, Indonesia. Journal of Vector Ecology, 34(2):200-207"
"Indonesia","Anopheles barbirostris",NA,NA,NA,"",27.9,72.1,"%","","","","","Stoops, C.A., Rusmiarto, S., Susapto, D., Munif, A., Andris, H., Barbara, K.A. and Sukowati, S. (2009).  Bionomics of Anopheles spp. (Diptera: Culicidae) in a malaria endemic region of Sukabumi, West Java, Indonesia. Journal of Vector Ecology, 34(2):200-207"
"Indonesia","Anopheles flavirostris",NA,NA,NA,"",43.8,56.3,"%","","","","","Stoops, C.A., Rusmiarto, S., Susapto, D., Munif, A., Andris, H., Barbara, K.A. and Sukowati, S. (2009).  Bionomics of Anopheles spp. (Diptera: Culicidae) in a malaria endemic region of Sukabumi, West Java, Indonesia. Journal of Vector Ecology, 34(2):200-207"
"Indonesia","Anopheles maculatus",NA,NA,NA,"",46.2,53.8,"%","","","","","Stoops, C.A., Rusmiarto, S., Susapto, D., Munif, A., Andris, H., Barbara, K.A. and Sukowati, S. (2009).  Bionomics of Anopheles spp. (Diptera: Culicidae) in a malaria endemic region of Sukabumi, West Java, Indonesia. Journal of Vector Ecology, 34(2):200-207"
"Indonesia","Anopheles subpictus complex",NA,NA,NA,"",60,40,"%","","","","","Stoops, C.A., Rusmiarto, S., Susapto, D., Munif, A., Andris, H., Barbara, K.A. and Sukowati, S. (2009).  Bionomics of Anopheles spp. (Diptera: Culicidae) in a malaria endemic region of Sukabumi, West Java, Indonesia. Journal of Vector Ecology, 34(2):200-207"
"Indonesia","Anopheles sundaicus",NA,NA,NA,"",26,73.9,"%","","","","","Stoops, C.A., Rusmiarto, S., Susapto, D., Munif, A., Andris, H., Barbara, K.A. and Sukowati, S. (2009).  Bionomics of Anopheles spp. (Diptera: Culicidae) in a malaria endemic region of Sukabumi, West Java, Indonesia. Journal of Vector Ecology, 34(2):200-207"
"India","Anopheles aconitus",NA,NA,NA,"",4.38,95.63,"%calc","","","","","Dutta, P., Bhattacharyya, D.R. and Dutta, L.P. (1991).  Epidemiological observations on malaria in some parts of Tengakhat PHC, Dibrugarh district, Assam. Indian Journal of Malariology, 28(2):121-8"
"India","Anopheles annularis complex",NA,NA,NA,"",0,100,"%calc","","","","","Dutta, P., Bhattacharyya, D.R. and Dutta, L.P. (1991).  Epidemiological observations on malaria in some parts of Tengakhat PHC, Dibrugarh district, Assam. Indian Journal of Malariology, 28(2):121-8"
"India","Anopheles barbirostris complex",NA,NA,NA,"",2.17,97.83,"%calc","","","","","Dutta, P., Bhattacharyya, D.R. and Dutta, L.P. (1991).  Epidemiological observations on malaria in some parts of Tengakhat PHC, Dibrugarh district, Assam. Indian Journal of Malariology, 28(2):121-8"
"India","Anopheles balabacensis (leucosphyrus)",NA,NA,NA,"",72.31,27.69,"%calc","","","","","Dutta, P., Bhattacharyya, D.R. and Dutta, L.P. (1991).  Epidemiological observations on malaria in some parts of Tengakhat PHC, Dibrugarh district, Assam. Indian Journal of Malariology, 28(2):121-8"
"India","Anopheles culicifacies complex",NA,NA,NA,"",100,0,"%calc","","","","","Dutta, P., Bhattacharyya, D.R. and Dutta, L.P. (1991).  Epidemiological observations on malaria in some parts of Tengakhat PHC, Dibrugarh district, Assam. Indian Journal of Malariology, 28(2):121-8"
"India","Maculatus Group",NA,NA,NA,"",3.13,96.88,"%calc","","","","","Dutta, P., Bhattacharyya, D.R. and Dutta, L.P. (1991).  Epidemiological observations on malaria in some parts of Tengakhat PHC, Dibrugarh district, Assam. Indian Journal of Malariology, 28(2):121-8"
"India","Anopheles minimus complex",NA,NA,NA,"",4.23,95.77,"%calc","","","","","Dutta, P., Bhattacharyya, D.R. and Dutta, L.P. (1991).  Epidemiological observations on malaria in some parts of Tengakhat PHC, Dibrugarh district, Assam. Indian Journal of Malariology, 28(2):121-8"
"Malaysia","Anopheles balabacensis (leucosphyrus)",NA,NA,NA,"",24.04,75.96,"%","","","","","Vythilingam, I., Chan, S.T., Shanmugratnam, C., Tanrang, H. and Chooi, K.H. (2005).  The impact of development and malaria control activities on its vectors in the Kinabatangan area of Sabah, East Malaysia. Acta Tropica, 96(1):24-30"
"Malaysia","Maculatus Group",NA,NA,NA,"",11.11,88.89,"%","","","","","Vythilingam, I., Chan, S.T., Shanmugratnam, C., Tanrang, H. and Chooi, K.H. (2005).  The impact of development and malaria control activities on its vectors in the Kinabatangan area of Sabah, East Malaysia. Acta Tropica, 96(1):24-30"
"Malaysia","Anopheles aconitus",NA,NA,NA,"",1,1.97,"I:O","","","","","Hassan, A.A., Rahman, W.A., Rashid, M.Z., Shahrem, M.R. and Adanan, C.R. (2001).  Composition and biting activity of Anopheles (Diptera: Culicidae) attracted to human bait in a malaria endemic village in peninsular Malaysia near the Thailand border. Journal of Vector Ecology, 26(1):70-5"
"Malaysia","Anopheles barbirostris complex",NA,NA,NA,"",1,0.62,"I:O","","","","","Hassan, A.A., Rahman, W.A., Rashid, M.Z., Shahrem, M.R. and Adanan, C.R. (2001).  Composition and biting activity of Anopheles (Diptera: Culicidae) attracted to human bait in a malaria endemic village in peninsular Malaysia near the Thailand border. Journal of Vector Ecology, 26(1):70-5"
"Malaysia","Maculatus Group",NA,NA,NA,"",1,2.68,"I:O","","","","","Hassan, A.A., Rahman, W.A., Rashid, M.Z., Shahrem, M.R. and Adanan, C.R. (2001).  Composition and biting activity of Anopheles (Diptera: Culicidae) attracted to human bait in a malaria endemic village in peninsular Malaysia near the Thailand border. Journal of Vector Ecology, 26(1):70-5"
"Malaysia","Anopheles sinensis",NA,NA,NA,"",1,2.76,"I:O","","","","","Hassan, A.A., Rahman, W.A., Rashid, M.Z., Shahrem, M.R. and Adanan, C.R. (2001).  Composition and biting activity of Anopheles (Diptera: Culicidae) attracted to human bait in a malaria endemic village in peninsular Malaysia near the Thailand border. Journal of Vector Ecology, 26(1):70-5"
"Myanmar","Anopheles baimaii (formerly dirus Sp. D)",54.12,NA,NA,"AI",42.59,57.41,"%calc","","t","","","Tun-Lin, W., Thu, M.M., Than, S.M. and Mya, M.M. (1995).  Hyperendemic malaria in a forested, hilly Myanmar village. Journal of the American Mosquito Control Association, 11(4):401-7"
"Myanmar","Anopheles minimus complex",28.77,NA,NA,"AI",55.3,44.68,"%calc","t","t","","","Tun-Lin, W., Thu, M.M., Than, S.M. and Mya, M.M. (1995).  Hyperendemic malaria in a forested, hilly Myanmar village. Journal of the American Mosquito Control Association, 11(4):401-7"
"Myanmar","Anopheles culicifacies complex",NA,NA,NA,"",38.78,61.22,"%calc","t","t","","","Tun-Lin, W., Thu, M.M., Than, S.M. and Mya, M.M. (1995).  Hyperendemic malaria in a forested, hilly Myanmar village. Journal of the American Mosquito Control Association, 11(4):401-7"
"Myanmar","Maculatus Group",NA,NA,NA,"",49.3,50.7,"%calc","t","t","","","Tun-Lin, W., Thu, M.M., Than, S.M. and Mya, M.M. (1995).  Hyperendemic malaria in a forested, hilly Myanmar village. Journal of the American Mosquito Control Association, 11(4):401-7"
"Myanmar","Anopheles annularis complex",NA,NA,NA,"",0,100,"%calc","","","","","Tun-Lin, W., Thu, M.M., Than, S.M. and Mya, M.M. (1995).  Hyperendemic malaria in a forested, hilly Myanmar village. Journal of the American Mosquito Control Association, 11(4):401-7"
"Myanmar","Anopheles aconitus",NA,NA,NA,"",30,70,"%calc","","","","","Tun-Lin, W., Thu, M.M., Than, S.M. and Mya, M.M. (1995).  Hyperendemic malaria in a forested, hilly Myanmar village. Journal of the American Mosquito Control Association, 11(4):401-7"
"Myanmar","Anopheles stephensi",NA,NA,NA,"",33.33,66.67,"%calc","","","","","Tun-Lin, W., Thu, M.M., Than, S.M. and Mya, M.M. (1995).  Hyperendemic malaria in a forested, hilly Myanmar village. Journal of the American Mosquito Control Association, 11(4):401-7"
"India","Anopheles culicifacies complex",NA,NA,NA,"",34,66,"%","t","t","t","t","Singh, N., Singh, O.P. and Sharma, V.P. (1996).  Dynamics of malaria transmission in forested and deforested regions of Mandla District, central India (Madhya Pradesh). Journal of the American Mosquito Control Association, 12(2 Pt 1):225-34"
"India","Anopheles fluviatilis complex",NA,NA,NA,"",34,66,"%","t","t","","","Singh, N., Singh, O.P. and Sharma, V.P. (1996).  Dynamics of malaria transmission in forested and deforested regions of Mandla District, central India (Madhya Pradesh). Journal of the American Mosquito Control Association, 12(2 Pt 1):225-34"
"India","Anopheles annularis complex",NA,NA,NA,"",32,68,"%","","","","","Singh, N., Singh, O.P. and Sharma, V.P. (1996).  Dynamics of malaria transmission in forested and deforested regions of Mandla District, central India (Madhya Pradesh). Journal of the American Mosquito Control Association, 12(2 Pt 1):225-34"
"India","Anopheles subpictus complex",NA,NA,NA,"",35,65,"%","","","","","Singh, N., Singh, O.P. and Sharma, V.P. (1996).  Dynamics of malaria transmission in forested and deforested regions of Mandla District, central India (Madhya Pradesh). Journal of the American Mosquito Control Association, 12(2 Pt 1):225-34"
"India","Anopheles barbirostris complex",NA,NA,NA,"",0,100,"%","","","","","Singh, N., Singh, O.P. and Sharma, V.P. (1996).  Dynamics of malaria transmission in forested and deforested regions of Mandla District, central India (Madhya Pradesh). Journal of the American Mosquito Control Association, 12(2 Pt 1):225-34"
"India","Anopheles culicifacies complex",NA,NA,NA,"",68,32,"%","t","t","","","Singh, N., Singh, O.P. and Sharma, V.P. (1996).  Dynamics of malaria transmission in forested and deforested regions of Mandla District, central India (Madhya Pradesh). Journal of the American Mosquito Control Association, 12(2 Pt 1):225-34"
"India","Anopheles fluviatilis complex",NA,NA,NA,"",53,47,"%","t","t","","","Singh, N., Singh, O.P. and Sharma, V.P. (1996).  Dynamics of malaria transmission in forested and deforested regions of Mandla District, central India (Madhya Pradesh). Journal of the American Mosquito Control Association, 12(2 Pt 1):225-34"
"India","Anopheles annularis complex",NA,NA,NA,"",36,64,"%","","","","","Singh, N., Singh, O.P. and Sharma, V.P. (1996).  Dynamics of malaria transmission in forested and deforested regions of Mandla District, central India (Madhya Pradesh). Journal of the American Mosquito Control Association, 12(2 Pt 1):225-34"
"India","Anopheles subpictus complex",NA,NA,NA,"",54,46,"%","","","","","Singh, N., Singh, O.P. and Sharma, V.P. (1996).  Dynamics of malaria transmission in forested and deforested regions of Mandla District, central India (Madhya Pradesh). Journal of the American Mosquito Control Association, 12(2 Pt 1):225-34"
"India","Anopheles barbirostris complex",NA,NA,NA,"",0,100,"%","","","","","Singh, N., Singh, O.P. and Sharma, V.P. (1996).  Dynamics of malaria transmission in forested and deforested regions of Mandla District, central India (Madhya Pradesh). Journal of the American Mosquito Control Association, 12(2 Pt 1):225-34"
"Sri Lanka","Anopheles culicifacies complex",NA,NA,NA,"",1.05,1,"I:O","","","","","Yapabandara, A.M. and Curtis, C.F. (2004).  Vectors and malaria transmission in a gem mining area in Sri Lanka. Journal of Vector Ecology, 29(2):264-76"
"Sri Lanka","Anopheles subpictus complex",NA,NA,NA,"",0.89,1,"I:O","","","","","Yapabandara, A.M. and Curtis, C.F. (2004).  Vectors and malaria transmission in a gem mining area in Sri Lanka. Journal of Vector Ecology, 29(2):264-76"
"Sri Lanka","Anopheles aconitus",NA,NA,NA,"",0.89,1,"I:O","","","","","Yapabandara, A.M. and Curtis, C.F. (2004).  Vectors and malaria transmission in a gem mining area in Sri Lanka. Journal of Vector Ecology, 29(2):264-76"
"India","Anopheles culicifacies complex",NA,NA,NA,"",100,0,"%calc","","","","","Singh, S., Singh, R.P. and Jauhari, R.K. (1995).  Biting activity of the malaria vector, Anopheles culicifacies, on man and cattle in Doon valley, India. Applied Parasitology, 36(3):185-91"
"India","Anopheles culicifacies complex",NA,NA,NA,"",55.17,44.83,"%calc","","","","","Singh, S., Singh, R.P. and Jauhari, R.K. (1995).  Biting activity of the malaria vector, Anopheles culicifacies, on man and cattle in Doon valley, India. Applied Parasitology, 36(3):185-91"
"India","Anopheles culicifacies complex",NA,NA,NA,"",51.76,48.24,"%calc","","","","","Singh, S., Singh, R.P. and Jauhari, R.K. (1995).  Biting activity of the malaria vector, Anopheles culicifacies, on man and cattle in Doon valley, India. Applied Parasitology, 36(3):185-91"
"India","Anopheles culicifacies complex",NA,NA,NA,"",58.33,41.67,"%calc","","","","","Singh, S., Singh, R.P. and Jauhari, R.K. (1995).  Biting activity of the malaria vector, Anopheles culicifacies, on man and cattle in Doon valley, India. Applied Parasitology, 36(3):185-91"
"India","Anopheles culicifacies complex",NA,NA,NA,"",60,40,"%calc","","","","","Singh, S., Singh, R.P. and Jauhari, R.K. (1995).  Biting activity of the malaria vector, Anopheles culicifacies, on man and cattle in Doon valley, India. Applied Parasitology, 36(3):185-91"
"India","Anopheles culicifacies complex",NA,NA,NA,"",76,24,"%calc","","","","","Singh, S., Singh, R.P. and Jauhari, R.K. (1995).  Biting activity of the malaria vector, Anopheles culicifacies, on man and cattle in Doon valley, India. Applied Parasitology, 36(3):185-91"
"India","Anopheles culicifacies complex",NA,NA,NA,"",50.81,49.19,"%calc","","","","","Singh, S., Singh, R.P. and Jauhari, R.K. (1995).  Biting activity of the malaria vector, Anopheles culicifacies, on man and cattle in Doon valley, India. Applied Parasitology, 36(3):185-91"
"India","Anopheles culicifacies complex",NA,NA,NA,"",56.06,43.94,"%calc","","","","","Singh, S., Singh, R.P. and Jauhari, R.K. (1995).  Biting activity of the malaria vector, Anopheles culicifacies, on man and cattle in Doon valley, India. Applied Parasitology, 36(3):185-91"
"India","Anopheles culicifacies complex",NA,NA,NA,"",54.05,45.95,"%calc","","","","","Singh, S., Singh, R.P. and Jauhari, R.K. (1995).  Biting activity of the malaria vector, Anopheles culicifacies, on man and cattle in Doon valley, India. Applied Parasitology, 36(3):185-91"
"India","Anopheles culicifacies complex",NA,NA,NA,"",50,50,"%calc","","","","","Singh, S., Singh, R.P. and Jauhari, R.K. (1995).  Biting activity of the malaria vector, Anopheles culicifacies, on man and cattle in Doon valley, India. Applied Parasitology, 36(3):185-91"
"India","Anopheles culicifacies complex",NA,NA,NA,"",100,0,"%calc","","","","","Singh, S., Singh, R.P. and Jauhari, R.K. (1995).  Biting activity of the malaria vector, Anopheles culicifacies, on man and cattle in Doon valley, India. Applied Parasitology, 36(3):185-91"
"Lao People's Democratic Republic","Anopheles dirus complex",NA,NA,NA,"",61.3,38.7,"%","","","","","Sidavong, B., Vythilingam, I., Phetsouvanh, R., Chan, S.T., Phonemixay, T., Hakim, S.L. and Phompida, S. (2004).  Malaria transmission by Anopheles dirus in Attapeu Province, Lao PDR. The Southeast Asian Journal of Tropical Medicine and Public Health, 35(2):309-15"
"Lao People's Democratic Republic","Maculatus Group",NA,NA,NA,"",28.9,71.1,"%","","","","","Sidavong, B., Vythilingam, I., Phetsouvanh, R., Chan, S.T., Phonemixay, T., Hakim, S.L. and Phompida, S. (2004).  Malaria transmission by Anopheles dirus in Attapeu Province, Lao PDR. The Southeast Asian Journal of Tropical Medicine and Public Health, 35(2):309-15"
"Lao People's Democratic Republic","Anopheles minimus complex",NA,NA,NA,"",54.3,45.7,"%","","","","","Sidavong, B., Vythilingam, I., Phetsouvanh, R., Chan, S.T., Phonemixay, T., Hakim, S.L. and Phompida, S. (2004).  Malaria transmission by Anopheles dirus in Attapeu Province, Lao PDR. The Southeast Asian Journal of Tropical Medicine and Public Health, 35(2):309-15"
"Lao People's Democratic Republic","Anopheles dirus (formerly Sp. A)",NA,NA,NA,"",60,40,"I:O","","","","","Vythilingam, I., Sidavong, B., Chan, S.T., Phonemixay, T., Vanisaveth, V., Sisoulad, P., Phetsouvanh, R., Hakim, S.L. and Phompida, S. (2005).  Epidemiology of malaria in Attapeu Province, Lao PDR in relation to entomological parameters. Transactions of the Royal Society of Tropical Medicine and Hygiene, 99(11):833-9"
"Lao People's Democratic Republic","Anopheles minimus complex",NA,NA,NA,"",50,50,"I:O","","","","","Vythilingam, I., Sidavong, B., Chan, S.T., Phonemixay, T., Vanisaveth, V., Sisoulad, P., Phetsouvanh, R., Hakim, S.L. and Phompida, S. (2005).  Epidemiology of malaria in Attapeu Province, Lao PDR in relation to entomological parameters. Transactions of the Royal Society of Tropical Medicine and Hygiene, 99(11):833-9"
"Lao People's Democratic Republic","Anopheles dirus (formerly Sp. A)",NA,NA,NA,"",52.8,47.2,"%","","","","","Vythilingam, I., Phetsouvanh, R., Keokenchanh, K., Yengmala, V., Vanisaveth, V., Phompida, S. and Hakim, S.L. (2003).  The prevalence of Anopheles (Diptera: Culicidae) mosquitoes in Sekong Province, Lao PDR in relation to malaria transmission. Tropical Medicine & International Health, 8(6):525-35"
"Lao People's Democratic Republic","Maculatus Group",NA,NA,NA,"",20,80,"%","","","","","Vythilingam, I., Phetsouvanh, R., Keokenchanh, K., Yengmala, V., Vanisaveth, V., Phompida, S. and Hakim, S.L. (2003).  The prevalence of Anopheles (Diptera: Culicidae) mosquitoes in Sekong Province, Lao PDR in relation to malaria transmission. Tropical Medicine & International Health, 8(6):525-35"
"Lao People's Democratic Republic","Anopheles aconitus",NA,NA,NA,"",32,68,"%","","","","","Vythilingam, I., Phetsouvanh, R., Keokenchanh, K., Yengmala, V., Vanisaveth, V., Phompida, S. and Hakim, S.L. (2003).  The prevalence of Anopheles (Diptera: Culicidae) mosquitoes in Sekong Province, Lao PDR in relation to malaria transmission. Tropical Medicine & International Health, 8(6):525-35"
"Lao People's Democratic Republic","Anopheles minimus (formerly Sp. A)",NA,NA,NA,"",35,65,"%","","","","","Vythilingam, I., Phetsouvanh, R., Keokenchanh, K., Yengmala, V., Vanisaveth, V., Phompida, S. and Hakim, S.L. (2003).  The prevalence of Anopheles (Diptera: Culicidae) mosquitoes in Sekong Province, Lao PDR in relation to malaria transmission. Tropical Medicine & International Health, 8(6):525-35"
"Viet Nam","Anopheles sundaicus complex",NA,NA,NA,"",1.27,1,"I:O","","","","","Trung, H.D., Bortel, W.V., Sochantha, T., Keokenchanh, K., Briët, O.J. and Coosemans, M. (2005).  Behavioural heterogeneity of Anopheles species in ecologically different localities in Southeast Asia: a challenge for vector control. Tropical Medicine & International Health, 10(3):251-62"
"Viet Nam","Anopheles barbirostris complex",NA,NA,NA,"",1.05,1,"I:O","","","","","Trung, H.D., Bortel, W.V., Sochantha, T., Keokenchanh, K., Briët, O.J. and Coosemans, M. (2005).  Behavioural heterogeneity of Anopheles species in ecologically different localities in Southeast Asia: a challenge for vector control. Tropical Medicine & International Health, 10(3):251-62"
"Viet Nam","Anopheles sinensis",NA,NA,NA,"",0.88,1,"I:O","","","","","Trung, H.D., Bortel, W.V., Sochantha, T., Keokenchanh, K., Briët, O.J. and Coosemans, M. (2005).  Behavioural heterogeneity of Anopheles species in ecologically different localities in Southeast Asia: a challenge for vector control. Tropical Medicine & International Health, 10(3):251-62"
"Viet Nam","Anopheles subpictus complex",NA,NA,NA,"",0.45,1,"I:O","","","","","Trung, H.D., Bortel, W.V., Sochantha, T., Keokenchanh, K., Briët, O.J. and Coosemans, M. (2005).  Behavioural heterogeneity of Anopheles species in ecologically different localities in Southeast Asia: a challenge for vector control. Tropical Medicine & International Health, 10(3):251-62"
"Viet Nam","Anopheles minimus (formerly Sp. A)",NA,NA,NA,"",0.93,1,"I:O","","","","","Trung, H.D., Bortel, W.V., Sochantha, T., Keokenchanh, K., Briët, O.J. and Coosemans, M. (2005).  Behavioural heterogeneity of Anopheles species in ecologically different localities in Southeast Asia: a challenge for vector control. Tropical Medicine & International Health, 10(3):251-62"
"Viet Nam","Anopheles harrisoni (formerly minimus Sp. C)",NA,NA,NA,"",0.35,1,"I:O","","","","","Trung, H.D., Bortel, W.V., Sochantha, T., Keokenchanh, K., Briët, O.J. and Coosemans, M. (2005).  Behavioural heterogeneity of Anopheles species in ecologically different localities in Southeast Asia: a challenge for vector control. Tropical Medicine & International Health, 10(3):251-62"
"Viet Nam","Anopheles aconitus",NA,NA,NA,"",0.2,1,"I:O","","","","","Trung, H.D., Bortel, W.V., Sochantha, T., Keokenchanh, K., Briët, O.J. and Coosemans, M. (2005).  Behavioural heterogeneity of Anopheles species in ecologically different localities in Southeast Asia: a challenge for vector control. Tropical Medicine & International Health, 10(3):251-62"
"Viet Nam","Anopheles sinensis",NA,NA,NA,"",0.17,1,"I:O","","","","","Trung, H.D., Bortel, W.V., Sochantha, T., Keokenchanh, K., Briët, O.J. and Coosemans, M. (2005).  Behavioural heterogeneity of Anopheles species in ecologically different localities in Southeast Asia: a challenge for vector control. Tropical Medicine & International Health, 10(3):251-62"
"Viet Nam","Maculatus Group",NA,NA,NA,"",0.12,1,"I:O","","","","","Trung, H.D., Bortel, W.V., Sochantha, T., Keokenchanh, K., Briët, O.J. and Coosemans, M. (2005).  Behavioural heterogeneity of Anopheles species in ecologically different localities in Southeast Asia: a challenge for vector control. Tropical Medicine & International Health, 10(3):251-62"
"Viet Nam","Anopheles annularis complex",NA,NA,NA,"",0.05,1,"I:O","","","","","Trung, H.D., Bortel, W.V., Sochantha, T., Keokenchanh, K., Briët, O.J. and Coosemans, M. (2005).  Behavioural heterogeneity of Anopheles species in ecologically different localities in Southeast Asia: a challenge for vector control. Tropical Medicine & International Health, 10(3):251-62"
"Viet Nam","Anopheles sinensis",NA,NA,NA,"",0.64,1,"I:O","","","","","Trung, H.D., Bortel, W.V., Sochantha, T., Keokenchanh, K., Briët, O.J. and Coosemans, M. (2005).  Behavioural heterogeneity of Anopheles species in ecologically different localities in Southeast Asia: a challenge for vector control. Tropical Medicine & International Health, 10(3):251-62"
"Viet Nam","Anopheles barbirostris complex",NA,NA,NA,"",0.33,1,"I:O","","","","","Trung, H.D., Bortel, W.V., Sochantha, T., Keokenchanh, K., Briët, O.J. and Coosemans, M. (2005).  Behavioural heterogeneity of Anopheles species in ecologically different localities in Southeast Asia: a challenge for vector control. Tropical Medicine & International Health, 10(3):251-62"
"Viet Nam","Anopheles dirus (formerly Sp. A)",NA,NA,NA,"",0.32,1,"I:O","","","","","Trung, H.D., Bortel, W.V., Sochantha, T., Keokenchanh, K., Briët, O.J. and Coosemans, M. (2005).  Behavioural heterogeneity of Anopheles species in ecologically different localities in Southeast Asia: a challenge for vector control. Tropical Medicine & International Health, 10(3):251-62"
"Viet Nam","Anopheles aconitus",NA,NA,NA,"",0.21,1,"I:O","","","","","Trung, H.D., Bortel, W.V., Sochantha, T., Keokenchanh, K., Briët, O.J. and Coosemans, M. (2005).  Behavioural heterogeneity of Anopheles species in ecologically different localities in Southeast Asia: a challenge for vector control. Tropical Medicine & International Health, 10(3):251-62"
"Viet Nam","Maculatus Group",NA,NA,NA,"",0.16,1,"I:O","","","","","Trung, H.D., Bortel, W.V., Sochantha, T., Keokenchanh, K., Briët, O.J. and Coosemans, M. (2005).  Behavioural heterogeneity of Anopheles species in ecologically different localities in Southeast Asia: a challenge for vector control. Tropical Medicine & International Health, 10(3):251-62"
"Viet Nam","Anopheles minimus (formerly Sp. A)",NA,NA,NA,"",7.95,1,"I:O","","","","","Trung, H.D., Bortel, W.V., Sochantha, T., Keokenchanh, K., Briët, O.J. and Coosemans, M. (2005).  Behavioural heterogeneity of Anopheles species in ecologically different localities in Southeast Asia: a challenge for vector control. Tropical Medicine & International Health, 10(3):251-62"
"Viet Nam","Anopheles dirus (formerly Sp. A)",NA,NA,NA,"",1.3,1,"I:O","","","","","Trung, H.D., Bortel, W.V., Sochantha, T., Keokenchanh, K., Briët, O.J. and Coosemans, M. (2005).  Behavioural heterogeneity of Anopheles species in ecologically different localities in Southeast Asia: a challenge for vector control. Tropical Medicine & International Health, 10(3):251-62"
"Viet Nam","Anopheles sinensis",NA,NA,NA,"",0.84,1,"I:O","","","","","Trung, H.D., Bortel, W.V., Sochantha, T., Keokenchanh, K., Briët, O.J. and Coosemans, M. (2005).  Behavioural heterogeneity of Anopheles species in ecologically different localities in Southeast Asia: a challenge for vector control. Tropical Medicine & International Health, 10(3):251-62"
"Viet Nam","Anopheles aconitus",NA,NA,NA,"",0.13,1,"I:O","","","","","Trung, H.D., Bortel, W.V., Sochantha, T., Keokenchanh, K., Briët, O.J. and Coosemans, M. (2005).  Behavioural heterogeneity of Anopheles species in ecologically different localities in Southeast Asia: a challenge for vector control. Tropical Medicine & International Health, 10(3):251-62"
"Viet Nam","Maculatus Group",NA,NA,NA,"",0.12,1,"I:O","","","","","Trung, H.D., Bortel, W.V., Sochantha, T., Keokenchanh, K., Briët, O.J. and Coosemans, M. (2005).  Behavioural heterogeneity of Anopheles species in ecologically different localities in Southeast Asia: a challenge for vector control. Tropical Medicine & International Health, 10(3):251-62"
"Cambodia","Anopheles dirus (formerly Sp. A)",NA,NA,NA,"",0.64,1,"I:O","","","","","Trung, H.D., Bortel, W.V., Sochantha, T., Keokenchanh, K., Briët, O.J. and Coosemans, M. (2005).  Behavioural heterogeneity of Anopheles species in ecologically different localities in Southeast Asia: a challenge for vector control. Tropical Medicine & International Health, 10(3):251-62"
"Cambodia","Anopheles minimus (formerly Sp. A)",NA,NA,NA,"",0.62,1,"I:O","","","","","Trung, H.D., Bortel, W.V., Sochantha, T., Keokenchanh, K., Briët, O.J. and Coosemans, M. (2005).  Behavioural heterogeneity of Anopheles species in ecologically different localities in Southeast Asia: a challenge for vector control. Tropical Medicine & International Health, 10(3):251-62"
"Cambodia","Anopheles aconitus",NA,NA,NA,"",0.34,1,"I:O","","","","","Trung, H.D., Bortel, W.V., Sochantha, T., Keokenchanh, K., Briët, O.J. and Coosemans, M. (2005).  Behavioural heterogeneity of Anopheles species in ecologically different localities in Southeast Asia: a challenge for vector control. Tropical Medicine & International Health, 10(3):251-62"
"Cambodia","Maculatus Group",NA,NA,NA,"",0.19,1,"I:O","","","","","Trung, H.D., Bortel, W.V., Sochantha, T., Keokenchanh, K., Briët, O.J. and Coosemans, M. (2005).  Behavioural heterogeneity of Anopheles species in ecologically different localities in Southeast Asia: a challenge for vector control. Tropical Medicine & International Health, 10(3):251-62"
"Cambodia","Anopheles barbirostris complex",NA,NA,NA,"",0.14,1,"I:O","","","","","Trung, H.D., Bortel, W.V., Sochantha, T., Keokenchanh, K., Briët, O.J. and Coosemans, M. (2005).  Behavioural heterogeneity of Anopheles species in ecologically different localities in Southeast Asia: a challenge for vector control. Tropical Medicine & International Health, 10(3):251-62"
"Lao People's Democratic Republic","Anopheles minimus (formerly Sp. A)",NA,NA,NA,"",1.35,1,"I:O","","","","","Trung, H.D., Bortel, W.V., Sochantha, T., Keokenchanh, K., Briët, O.J. and Coosemans, M. (2005).  Behavioural heterogeneity of Anopheles species in ecologically different localities in Southeast Asia: a challenge for vector control. Tropical Medicine & International Health, 10(3):251-62"
"Lao People's Democratic Republic","Anopheles dirus (formerly Sp. A)",NA,NA,NA,"",1,1,"I:O","","","","","Trung, H.D., Bortel, W.V., Sochantha, T., Keokenchanh, K., Briët, O.J. and Coosemans, M. (2005).  Behavioural heterogeneity of Anopheles species in ecologically different localities in Southeast Asia: a challenge for vector control. Tropical Medicine & International Health, 10(3):251-62"
"Lao People's Democratic Republic","Anopheles aconitus",NA,NA,NA,"",0.81,1,"I:O","","","","","Trung, H.D., Bortel, W.V., Sochantha, T., Keokenchanh, K., Briët, O.J. and Coosemans, M. (2005).  Behavioural heterogeneity of Anopheles species in ecologically different localities in Southeast Asia: a challenge for vector control. Tropical Medicine & International Health, 10(3):251-62"
"Lao People's Democratic Republic","Anopheles sinensis",NA,NA,NA,"",0.71,1,"I:O","","","","","Trung, H.D., Bortel, W.V., Sochantha, T., Keokenchanh, K., Briët, O.J. and Coosemans, M. (2005).  Behavioural heterogeneity of Anopheles species in ecologically different localities in Southeast Asia: a challenge for vector control. Tropical Medicine & International Health, 10(3):251-62"
"Lao People's Democratic Republic","Anopheles barbirostris complex",NA,NA,NA,"",0.13,1,"I:O","","","","","Trung, H.D., Bortel, W.V., Sochantha, T., Keokenchanh, K., Briët, O.J. and Coosemans, M. (2005).  Behavioural heterogeneity of Anopheles species in ecologically different localities in Southeast Asia: a challenge for vector control. Tropical Medicine & International Health, 10(3):251-62"
"Lao People's Democratic Republic","Maculatus Group",NA,NA,NA,"",0.08,1,"I:O","","","","","Trung, H.D., Bortel, W.V., Sochantha, T., Keokenchanh, K., Briët, O.J. and Coosemans, M. (2005).  Behavioural heterogeneity of Anopheles species in ecologically different localities in Southeast Asia: a challenge for vector control. Tropical Medicine & International Health, 10(3):251-62"
"Myanmar","Anopheles minimus complex",NA,NA,NA,"",1,3.6,"I:O","","","","","Myo Paing, Tun Lin, W. and Sebastian, A.A. (1988).  Behaviour of Anopheles minimus (Theobald) in relation to its role as vector of malaria in a forested foothill area of Burma. Tropical Biomedicine, 5:161-166"
"Myanmar","Anopheles minimus complex",NA,NA,NA,"",1,1.2,"I:O","","","","","Myo Paing, Tun Lin, W. and Sebastian, A.A. (1988).  Behaviour of Anopheles minimus (Theobald) in relation to its role as vector of malaria in a forested foothill area of Burma. Tropical Biomedicine, 5:161-166"
"Myanmar","Anopheles minimus complex",NA,NA,NA,"",1,3.3,"I:O","","","","","Myo Paing, Tun Lin, W. and Sebastian, A.A. (1988).  Behaviour of Anopheles minimus (Theobald) in relation to its role as vector of malaria in a forested foothill area of Burma. Tropical Biomedicine, 5:161-166"
"Myanmar","Anopheles aconitus",NA,NA,NA,"",15,85,"%","","","","","Smithuis, F.M., Kyaw, M.K., Phe, U.O., van der Broek, I., Katterman, N., Rogers, C., Almeida, P., Kager, P.A., Stepniewska, K., Lubell, Y., Simpson, J.A. and White, N.J. (2013).  Entomological determinants of insecticide-treated bed net effectiveness in Western Myanmar. Malaria Journal, 12(1):364"
"Myanmar","Anopheles annularis complex",NA,NA,NA,"",49,51,"%","","","","","Smithuis, F.M., Kyaw, M.K., Phe, U.O., van der Broek, I., Katterman, N., Rogers, C., Almeida, P., Kager, P.A., Stepniewska, K., Lubell, Y., Simpson, J.A. and White, N.J. (2013).  Entomological determinants of insecticide-treated bed net effectiveness in Western Myanmar. Malaria Journal, 12(1):364"
"Myanmar","Maculatus Group",NA,NA,NA,"",8,92,"%","","","","","Smithuis, F.M., Kyaw, M.K., Phe, U.O., van der Broek, I., Katterman, N., Rogers, C., Almeida, P., Kager, P.A., Stepniewska, K., Lubell, Y., Simpson, J.A. and White, N.J. (2013).  Entomological determinants of insecticide-treated bed net effectiveness in Western Myanmar. Malaria Journal, 12(1):364"
"Myanmar","Anopheles subpictus complex",NA,NA,NA,"",20,80,"%","","","","","Smithuis, F.M., Kyaw, M.K., Phe, U.O., van der Broek, I., Katterman, N., Rogers, C., Almeida, P., Kager, P.A., Stepniewska, K., Lubell, Y., Simpson, J.A. and White, N.J. (2013).  Entomological determinants of insecticide-treated bed net effectiveness in Western Myanmar. Malaria Journal, 12(1):364"
"Thailand","Anopheles minimus complex",NA,NA,NA,"",28.72,71.28,"%calc","","","","","Ratanatham, S., Upatham, E.S., Prasittisuk, C., Rojanasunan, W., Theerasilp, N., Tremongkol, A. and Viyanant, V. (1988).  Bionomics of Anopheles minimus and its role in malaria transmission in Thailand. The Southeast Asian Journal of Tropical Medicine and Public Health, 19(2):283-9"
"Thailand","Anopheles minimus complex",NA,NA,NA,"",31.53,68.47,"%calc","","","","","Rwegoshora, R.T., Sharpe, R.G., Baisley, K.J. and Kittayapong, P. (2002).  Biting behavior and seasonal variation in the abundance of Anopheles minimus species A and C in Thailand. The Southeast Asian Journal of Tropical Medicine and Public Health, 33(4):694-701"
"Thailand","Anopheles minimus complex",NA,NA,NA,"",34.32,65.68,"%calc","","","","","Rwegoshora, R.T., Sharpe, R.G., Baisley, K.J. and Kittayapong, P. (2002).  Biting behavior and seasonal variation in the abundance of Anopheles minimus species A and C in Thailand. The Southeast Asian Journal of Tropical Medicine and Public Health, 33(4):694-701"
"Thailand","Anopheles minimus complex",NA,NA,NA,"",62.04,37.96,"%calc","","","","","Rwegoshora, R.T., Sharpe, R.G., Baisley, K.J. and Kittayapong, P. (2002).  Biting behavior and seasonal variation in the abundance of Anopheles minimus species A and C in Thailand. The Southeast Asian Journal of Tropical Medicine and Public Health, 33(4):694-701"
"Thailand","Anopheles minimus complex",NA,NA,NA,"",61.57,38.43,"%calc","","","","","Rwegoshora, R.T., Sharpe, R.G., Baisley, K.J. and Kittayapong, P. (2002).  Biting behavior and seasonal variation in the abundance of Anopheles minimus species A and C in Thailand. The Southeast Asian Journal of Tropical Medicine and Public Health, 33(4):694-701"
"Thailand","Anopheles minimus complex",NA,NA,NA,"",48.57,51.43,"%calc","","","","","Rwegoshora, R.T., Sharpe, R.G., Baisley, K.J. and Kittayapong, P. (2002).  Biting behavior and seasonal variation in the abundance of Anopheles minimus species A and C in Thailand. The Southeast Asian Journal of Tropical Medicine and Public Health, 33(4):694-701"
"Thailand","Anopheles minimus complex",NA,NA,NA,"",49.65,50.35,"%calc","","","","","Rwegoshora, R.T., Sharpe, R.G., Baisley, K.J. and Kittayapong, P. (2002).  Biting behavior and seasonal variation in the abundance of Anopheles minimus species A and C in Thailand. The Southeast Asian Journal of Tropical Medicine and Public Health, 33(4):694-701"
"Thailand","Anopheles minimus complex",NA,NA,NA,"",57.78,42.22,"%calc","","","","","Rwegoshora, R.T., Sharpe, R.G., Baisley, K.J. and Kittayapong, P. (2002).  Biting behavior and seasonal variation in the abundance of Anopheles minimus species A and C in Thailand. The Southeast Asian Journal of Tropical Medicine and Public Health, 33(4):694-701"
"Thailand","Anopheles minimus complex",NA,NA,NA,"",56,44,"%calc","","","","","Rwegoshora, R.T., Sharpe, R.G., Baisley, K.J. and Kittayapong, P. (2002).  Biting behavior and seasonal variation in the abundance of Anopheles minimus species A and C in Thailand. The Southeast Asian Journal of Tropical Medicine and Public Health, 33(4):694-701"
"Thailand","Anopheles minimus complex",NA,NA,NA,"",59.66,40.34,"%calc","","","","","Rwegoshora, R.T., Sharpe, R.G., Baisley, K.J. and Kittayapong, P. (2002).  Biting behavior and seasonal variation in the abundance of Anopheles minimus species A and C in Thailand. The Southeast Asian Journal of Tropical Medicine and Public Health, 33(4):694-701"
"Thailand","Anopheles minimus complex",NA,NA,NA,"",59.87,40.13,"%calc","","","","","Rwegoshora, R.T., Sharpe, R.G., Baisley, K.J. and Kittayapong, P. (2002).  Biting behavior and seasonal variation in the abundance of Anopheles minimus species A and C in Thailand. The Southeast Asian Journal of Tropical Medicine and Public Health, 33(4):694-701"
"Thailand","Anopheles minimus complex",NA,NA,NA,"",47.97,52.03,"%calc","","","","","Rwegoshora, R.T., Sharpe, R.G., Baisley, K.J. and Kittayapong, P. (2002).  Biting behavior and seasonal variation in the abundance of Anopheles minimus species A and C in Thailand. The Southeast Asian Journal of Tropical Medicine and Public Health, 33(4):694-701"
"Thailand","Anopheles minimus (formerly Sp. A)",NA,NA,NA,"",14.29,85.71,"%calc","","","","","Sungvornyothin, S., Muenvorn, V., Garros, C., Manguin, S., Prabaripai, A., Bangs, M.J. and Chareonviriyaphap, T. (2006).  Trophic behavior and biting activity of the two sibling species of the Anopheles minimus complex in western Thailand. Journal of Vector Ecology, 31(2):252-61"
"Thailand","Anopheles minimus (formerly Sp. A)",NA,NA,NA,"",0,100,"%calc","","","","","Sungvornyothin, S., Muenvorn, V., Garros, C., Manguin, S., Prabaripai, A., Bangs, M.J. and Chareonviriyaphap, T. (2006).  Trophic behavior and biting activity of the two sibling species of the Anopheles minimus complex in western Thailand. Journal of Vector Ecology, 31(2):252-61"
"Thailand","Anopheles minimus (formerly Sp. A)",NA,NA,NA,"",100,0,"%calc","","","","","Sungvornyothin, S., Muenvorn, V., Garros, C., Manguin, S., Prabaripai, A., Bangs, M.J. and Chareonviriyaphap, T. (2006).  Trophic behavior and biting activity of the two sibling species of the Anopheles minimus complex in western Thailand. Journal of Vector Ecology, 31(2):252-61"
"Thailand","Anopheles minimus (formerly Sp. A)",NA,NA,NA,"",25,75,"%calc","","","","","Sungvornyothin, S., Muenvorn, V., Garros, C., Manguin, S., Prabaripai, A., Bangs, M.J. and Chareonviriyaphap, T. (2006).  Trophic behavior and biting activity of the two sibling species of the Anopheles minimus complex in western Thailand. Journal of Vector Ecology, 31(2):252-61"
"Thailand","Anopheles minimus (formerly Sp. A)",NA,NA,NA,"",0,100,"%calc","","","","","Sungvornyothin, S., Muenvorn, V., Garros, C., Manguin, S., Prabaripai, A., Bangs, M.J. and Chareonviriyaphap, T. (2006).  Trophic behavior and biting activity of the two sibling species of the Anopheles minimus complex in western Thailand. Journal of Vector Ecology, 31(2):252-61"
"Thailand","Anopheles minimus (formerly Sp. A)",NA,NA,NA,"",0,100,"%calc","","","","","Sungvornyothin, S., Muenvorn, V., Garros, C., Manguin, S., Prabaripai, A., Bangs, M.J. and Chareonviriyaphap, T. (2006).  Trophic behavior and biting activity of the two sibling species of the Anopheles minimus complex in western Thailand. Journal of Vector Ecology, 31(2):252-61"
"Thailand","Anopheles minimus (formerly Sp. A)",NA,NA,NA,"",100,0,"%calc","","","","","Sungvornyothin, S., Muenvorn, V., Garros, C., Manguin, S., Prabaripai, A., Bangs, M.J. and Chareonviriyaphap, T. (2006).  Trophic behavior and biting activity of the two sibling species of the Anopheles minimus complex in western Thailand. Journal of Vector Ecology, 31(2):252-61"
"Thailand","Anopheles minimus (formerly Sp. A)",NA,NA,NA,"",0,100,"%calc","","","","","Sungvornyothin, S., Muenvorn, V., Garros, C., Manguin, S., Prabaripai, A., Bangs, M.J. and Chareonviriyaphap, T. (2006).  Trophic behavior and biting activity of the two sibling species of the Anopheles minimus complex in western Thailand. Journal of Vector Ecology, 31(2):252-61"
"Thailand","Anopheles minimus (formerly Sp. A)",NA,NA,NA,"",0,100,"%calc","","","","","Sungvornyothin, S., Muenvorn, V., Garros, C., Manguin, S., Prabaripai, A., Bangs, M.J. and Chareonviriyaphap, T. (2006).  Trophic behavior and biting activity of the two sibling species of the Anopheles minimus complex in western Thailand. Journal of Vector Ecology, 31(2):252-61"
"Thailand","Anopheles minimus (formerly Sp. A)",NA,NA,NA,"",0,100,"%calc","","","","","Sungvornyothin, S., Muenvorn, V., Garros, C., Manguin, S., Prabaripai, A., Bangs, M.J. and Chareonviriyaphap, T. (2006).  Trophic behavior and biting activity of the two sibling species of the Anopheles minimus complex in western Thailand. Journal of Vector Ecology, 31(2):252-61"
"Thailand","Anopheles minimus (formerly Sp. A)",NA,NA,NA,"",0,100,"%calc","","","","","Sungvornyothin, S., Muenvorn, V., Garros, C., Manguin, S., Prabaripai, A., Bangs, M.J. and Chareonviriyaphap, T. (2006).  Trophic behavior and biting activity of the two sibling species of the Anopheles minimus complex in western Thailand. Journal of Vector Ecology, 31(2):252-61"
"Thailand","Anopheles minimus (formerly Sp. A)",NA,NA,NA,"",0,100,"%calc","","","","","Sungvornyothin, S., Muenvorn, V., Garros, C., Manguin, S., Prabaripai, A., Bangs, M.J. and Chareonviriyaphap, T. (2006).  Trophic behavior and biting activity of the two sibling species of the Anopheles minimus complex in western Thailand. Journal of Vector Ecology, 31(2):252-61"
"Thailand","Anopheles minimus (formerly Sp. A)",NA,NA,NA,"",0,100,"%calc","","","","","Sungvornyothin, S., Muenvorn, V., Garros, C., Manguin, S., Prabaripai, A., Bangs, M.J. and Chareonviriyaphap, T. (2006).  Trophic behavior and biting activity of the two sibling species of the Anopheles minimus complex in western Thailand. Journal of Vector Ecology, 31(2):252-61"
"Thailand","Anopheles minimus (formerly Sp. A)",NA,NA,NA,"",100,0,"%calc","","","","","Sungvornyothin, S., Muenvorn, V., Garros, C., Manguin, S., Prabaripai, A., Bangs, M.J. and Chareonviriyaphap, T. (2006).  Trophic behavior and biting activity of the two sibling species of the Anopheles minimus complex in western Thailand. Journal of Vector Ecology, 31(2):252-61"
"Thailand","Anopheles minimus (formerly Sp. A)",NA,NA,NA,"",20,80,"%calc","","","","","Sungvornyothin, S., Muenvorn, V., Garros, C., Manguin, S., Prabaripai, A., Bangs, M.J. and Chareonviriyaphap, T. (2006).  Trophic behavior and biting activity of the two sibling species of the Anopheles minimus complex in western Thailand. Journal of Vector Ecology, 31(2):252-61"
"Thailand","Anopheles minimus (formerly Sp. A)",NA,NA,NA,"",100,0,"%calc","","","","","Sungvornyothin, S., Muenvorn, V., Garros, C., Manguin, S., Prabaripai, A., Bangs, M.J. and Chareonviriyaphap, T. (2006).  Trophic behavior and biting activity of the two sibling species of the Anopheles minimus complex in western Thailand. Journal of Vector Ecology, 31(2):252-61"
"Thailand","Anopheles minimus (formerly Sp. A)",NA,NA,NA,"",0,100,"%calc","","","","","Sungvornyothin, S., Muenvorn, V., Garros, C., Manguin, S., Prabaripai, A., Bangs, M.J. and Chareonviriyaphap, T. (2006).  Trophic behavior and biting activity of the two sibling species of the Anopheles minimus complex in western Thailand. Journal of Vector Ecology, 31(2):252-61"
"Thailand","Anopheles minimus (formerly Sp. A)",NA,NA,NA,"",0,100,"%calc","","","","","Sungvornyothin, S., Muenvorn, V., Garros, C., Manguin, S., Prabaripai, A., Bangs, M.J. and Chareonviriyaphap, T. (2006).  Trophic behavior and biting activity of the two sibling species of the Anopheles minimus complex in western Thailand. Journal of Vector Ecology, 31(2):252-61"
"Thailand","Anopheles minimus (formerly Sp. A)",NA,NA,NA,"",0,100,"%calc","","","","","Sungvornyothin, S., Muenvorn, V., Garros, C., Manguin, S., Prabaripai, A., Bangs, M.J. and Chareonviriyaphap, T. (2006).  Trophic behavior and biting activity of the two sibling species of the Anopheles minimus complex in western Thailand. Journal of Vector Ecology, 31(2):252-61"
"Thailand","Anopheles minimus (formerly Sp. A)",NA,NA,NA,"",0,100,"%calc","","","","","Sungvornyothin, S., Muenvorn, V., Garros, C., Manguin, S., Prabaripai, A., Bangs, M.J. and Chareonviriyaphap, T. (2006).  Trophic behavior and biting activity of the two sibling species of the Anopheles minimus complex in western Thailand. Journal of Vector Ecology, 31(2):252-61"
"Thailand","Anopheles harrisoni (formerly minimus Sp. C)",NA,NA,NA,"",3.8,96.2,"%calc","","","","","Sungvornyothin, S., Muenvorn, V., Garros, C., Manguin, S., Prabaripai, A., Bangs, M.J. and Chareonviriyaphap, T. (2006).  Trophic behavior and biting activity of the two sibling species of the Anopheles minimus complex in western Thailand. Journal of Vector Ecology, 31(2):252-61"
"Thailand","Anopheles harrisoni (formerly minimus Sp. C)",NA,NA,NA,"",30,70,"%calc","","","","","Sungvornyothin, S., Muenvorn, V., Garros, C., Manguin, S., Prabaripai, A., Bangs, M.J. and Chareonviriyaphap, T. (2006).  Trophic behavior and biting activity of the two sibling species of the Anopheles minimus complex in western Thailand. Journal of Vector Ecology, 31(2):252-61"
"Thailand","Anopheles harrisoni (formerly minimus Sp. C)",NA,NA,NA,"",61.54,38.46,"%calc","","","","","Sungvornyothin, S., Muenvorn, V., Garros, C., Manguin, S., Prabaripai, A., Bangs, M.J. and Chareonviriyaphap, T. (2006).  Trophic behavior and biting activity of the two sibling species of the Anopheles minimus complex in western Thailand. Journal of Vector Ecology, 31(2):252-61"
"Thailand","Anopheles harrisoni (formerly minimus Sp. C)",NA,NA,NA,"",44.68,55.32,"%calc","","","","","Sungvornyothin, S., Muenvorn, V., Garros, C., Manguin, S., Prabaripai, A., Bangs, M.J. and Chareonviriyaphap, T. (2006).  Trophic behavior and biting activity of the two sibling species of the Anopheles minimus complex in western Thailand. Journal of Vector Ecology, 31(2):252-61"
"Thailand","Anopheles harrisoni (formerly minimus Sp. C)",NA,NA,NA,"",23.68,76.32,"%calc","","","","","Sungvornyothin, S., Muenvorn, V., Garros, C., Manguin, S., Prabaripai, A., Bangs, M.J. and Chareonviriyaphap, T. (2006).  Trophic behavior and biting activity of the two sibling species of the Anopheles minimus complex in western Thailand. Journal of Vector Ecology, 31(2):252-61"
"Thailand","Anopheles harrisoni (formerly minimus Sp. C)",NA,NA,NA,"",40,60,"%calc","","","","","Sungvornyothin, S., Muenvorn, V., Garros, C., Manguin, S., Prabaripai, A., Bangs, M.J. and Chareonviriyaphap, T. (2006).  Trophic behavior and biting activity of the two sibling species of the Anopheles minimus complex in western Thailand. Journal of Vector Ecology, 31(2):252-61"
"Thailand","Anopheles harrisoni (formerly minimus Sp. C)",NA,NA,NA,"",28.57,71.43,"%calc","","","","","Sungvornyothin, S., Muenvorn, V., Garros, C., Manguin, S., Prabaripai, A., Bangs, M.J. and Chareonviriyaphap, T. (2006).  Trophic behavior and biting activity of the two sibling species of the Anopheles minimus complex in western Thailand. Journal of Vector Ecology, 31(2):252-61"
"Thailand","Anopheles harrisoni (formerly minimus Sp. C)",NA,NA,NA,"",66.67,33.33,"%calc","","","","","Sungvornyothin, S., Muenvorn, V., Garros, C., Manguin, S., Prabaripai, A., Bangs, M.J. and Chareonviriyaphap, T. (2006).  Trophic behavior and biting activity of the two sibling species of the Anopheles minimus complex in western Thailand. Journal of Vector Ecology, 31(2):252-61"
"Thailand","Anopheles harrisoni (formerly minimus Sp. C)",NA,NA,NA,"",0,100,"%calc","","","","","Sungvornyothin, S., Muenvorn, V., Garros, C., Manguin, S., Prabaripai, A., Bangs, M.J. and Chareonviriyaphap, T. (2006).  Trophic behavior and biting activity of the two sibling species of the Anopheles minimus complex in western Thailand. Journal of Vector Ecology, 31(2):252-61"
"Thailand","Anopheles harrisoni (formerly minimus Sp. C)",NA,NA,NA,"",9.52,90.48,"%calc","","","","","Sungvornyothin, S., Muenvorn, V., Garros, C., Manguin, S., Prabaripai, A., Bangs, M.J. and Chareonviriyaphap, T. (2006).  Trophic behavior and biting activity of the two sibling species of the Anopheles minimus complex in western Thailand. Journal of Vector Ecology, 31(2):252-61"
"Thailand","Anopheles harrisoni (formerly minimus Sp. C)",NA,NA,NA,"",5.63,94.37,"%calc","","","","","Sungvornyothin, S., Muenvorn, V., Garros, C., Manguin, S., Prabaripai, A., Bangs, M.J. and Chareonviriyaphap, T. (2006).  Trophic behavior and biting activity of the two sibling species of the Anopheles minimus complex in western Thailand. Journal of Vector Ecology, 31(2):252-61"
"Thailand","Anopheles harrisoni (formerly minimus Sp. C)",NA,NA,NA,"",3.13,96.88,"%calc","","","","","Sungvornyothin, S., Muenvorn, V., Garros, C., Manguin, S., Prabaripai, A., Bangs, M.J. and Chareonviriyaphap, T. (2006).  Trophic behavior and biting activity of the two sibling species of the Anopheles minimus complex in western Thailand. Journal of Vector Ecology, 31(2):252-61"
"Thailand","Anopheles harrisoni (formerly minimus Sp. C)",NA,NA,NA,"",0,100,"%calc","","","","","Sungvornyothin, S., Muenvorn, V., Garros, C., Manguin, S., Prabaripai, A., Bangs, M.J. and Chareonviriyaphap, T. (2006).  Trophic behavior and biting activity of the two sibling species of the Anopheles minimus complex in western Thailand. Journal of Vector Ecology, 31(2):252-61"
"Thailand","Anopheles harrisoni (formerly minimus Sp. C)",NA,NA,NA,"",2.56,97.44,"%calc","","","","","Sungvornyothin, S., Muenvorn, V., Garros, C., Manguin, S., Prabaripai, A., Bangs, M.J. and Chareonviriyaphap, T. (2006).  Trophic behavior and biting activity of the two sibling species of the Anopheles minimus complex in western Thailand. Journal of Vector Ecology, 31(2):252-61"
"Thailand","Anopheles harrisoni (formerly minimus Sp. C)",NA,NA,NA,"",5.56,94.44,"%calc","","","","","Sungvornyothin, S., Muenvorn, V., Garros, C., Manguin, S., Prabaripai, A., Bangs, M.J. and Chareonviriyaphap, T. (2006).  Trophic behavior and biting activity of the two sibling species of the Anopheles minimus complex in western Thailand. Journal of Vector Ecology, 31(2):252-61"
"Thailand","Anopheles harrisoni (formerly minimus Sp. C)",NA,NA,NA,"",11.76,88.24,"%calc","","","","","Sungvornyothin, S., Muenvorn, V., Garros, C., Manguin, S., Prabaripai, A., Bangs, M.J. and Chareonviriyaphap, T. (2006).  Trophic behavior and biting activity of the two sibling species of the Anopheles minimus complex in western Thailand. Journal of Vector Ecology, 31(2):252-61"
"Thailand","Anopheles harrisoni (formerly minimus Sp. C)",NA,NA,NA,"",28.72,71.28,"%calc","","","","","Sungvornyothin, S., Muenvorn, V., Garros, C., Manguin, S., Prabaripai, A., Bangs, M.J. and Chareonviriyaphap, T. (2006).  Trophic behavior and biting activity of the two sibling species of the Anopheles minimus complex in western Thailand. Journal of Vector Ecology, 31(2):252-61"
"Thailand","Anopheles harrisoni (formerly minimus Sp. C)",NA,NA,NA,"",33.33,66.67,"%calc","","","","","Sungvornyothin, S., Muenvorn, V., Garros, C., Manguin, S., Prabaripai, A., Bangs, M.J. and Chareonviriyaphap, T. (2006).  Trophic behavior and biting activity of the two sibling species of the Anopheles minimus complex in western Thailand. Journal of Vector Ecology, 31(2):252-61"
"Thailand","Anopheles harrisoni (formerly minimus Sp. C)",NA,NA,NA,"",19.15,80.85,"%calc","","","","","Sungvornyothin, S., Muenvorn, V., Garros, C., Manguin, S., Prabaripai, A., Bangs, M.J. and Chareonviriyaphap, T. (2006).  Trophic behavior and biting activity of the two sibling species of the Anopheles minimus complex in western Thailand. Journal of Vector Ecology, 31(2):252-61"
"Thailand","Anopheles harrisoni (formerly minimus Sp. C)",NA,NA,NA,"",0,100,"%calc","","","","","Sungvornyothin, S., Muenvorn, V., Garros, C., Manguin, S., Prabaripai, A., Bangs, M.J. and Chareonviriyaphap, T. (2006).  Trophic behavior and biting activity of the two sibling species of the Anopheles minimus complex in western Thailand. Journal of Vector Ecology, 31(2):252-61"
"Thailand","Anopheles harrisoni (formerly minimus Sp. C)",NA,NA,NA,"",14.29,85.71,"%calc","","","","","Sungvornyothin, S., Muenvorn, V., Garros, C., Manguin, S., Prabaripai, A., Bangs, M.J. and Chareonviriyaphap, T. (2006).  Trophic behavior and biting activity of the two sibling species of the Anopheles minimus complex in western Thailand. Journal of Vector Ecology, 31(2):252-61"
"Thailand","Anopheles harrisoni (formerly minimus Sp. C)",NA,NA,NA,"",1.92,98.08,"%calc","","","","","Sungvornyothin, S., Muenvorn, V., Garros, C., Manguin, S., Prabaripai, A., Bangs, M.J. and Chareonviriyaphap, T. (2006).  Trophic behavior and biting activity of the two sibling species of the Anopheles minimus complex in western Thailand. Journal of Vector Ecology, 31(2):252-61"
"Thailand","Anopheles harrisoni (formerly minimus Sp. C)",NA,NA,NA,"",6.25,93.75,"%calc","","","","","Sungvornyothin, S., Muenvorn, V., Garros, C., Manguin, S., Prabaripai, A., Bangs, M.J. and Chareonviriyaphap, T. (2006).  Trophic behavior and biting activity of the two sibling species of the Anopheles minimus complex in western Thailand. Journal of Vector Ecology, 31(2):252-61"
"Thailand","Anopheles harrisoni (formerly minimus Sp. C)",NA,NA,NA,"",2.86,97.14,"%calc","","","","","Sungvornyothin, S., Muenvorn, V., Garros, C., Manguin, S., Prabaripai, A., Bangs, M.J. and Chareonviriyaphap, T. (2006).  Trophic behavior and biting activity of the two sibling species of the Anopheles minimus complex in western Thailand. Journal of Vector Ecology, 31(2):252-61"
"Thailand","Anopheles dirus (formerly Sp. A)",NA,NA,NA,"",43.75,56.25,"%calc","","","","","Tananchai, C., Tisgratog, R., Juntarajumnong, W., Grieco, J.P., Manguin, S., Prabaripai, A. and Chareonviriyaphap, T. (2012).  Species diversity and biting activity of Anopheles dirus and Anopheles baimaii (Diptera: Culicidae) in a malaria prone area of western Thailand. Parasites & Vectors, 5(1):211"
"Thailand","Anopheles dirus (formerly Sp. A)",NA,NA,NA,"",66.67,33.33,"%calc","","","","","Tananchai, C., Tisgratog, R., Juntarajumnong, W., Grieco, J.P., Manguin, S., Prabaripai, A. and Chareonviriyaphap, T. (2012).  Species diversity and biting activity of Anopheles dirus and Anopheles baimaii (Diptera: Culicidae) in a malaria prone area of western Thailand. Parasites & Vectors, 5(1):211"
"Thailand","Anopheles dirus (formerly Sp. A)",NA,NA,NA,"",0,100,"%calc","","","","","Tananchai, C., Tisgratog, R., Juntarajumnong, W., Grieco, J.P., Manguin, S., Prabaripai, A. and Chareonviriyaphap, T. (2012).  Species diversity and biting activity of Anopheles dirus and Anopheles baimaii (Diptera: Culicidae) in a malaria prone area of western Thailand. Parasites & Vectors, 5(1):211"
"Thailand","Anopheles dirus (formerly Sp. A)",NA,NA,NA,"",40,60,"%calc","","","","","Tananchai, C., Tisgratog, R., Juntarajumnong, W., Grieco, J.P., Manguin, S., Prabaripai, A. and Chareonviriyaphap, T. (2012).  Species diversity and biting activity of Anopheles dirus and Anopheles baimaii (Diptera: Culicidae) in a malaria prone area of western Thailand. Parasites & Vectors, 5(1):211"
"Thailand","Anopheles dirus (formerly Sp. A)",NA,NA,NA,"",6.67,93.33,"%calc","","","","","Tananchai, C., Tisgratog, R., Juntarajumnong, W., Grieco, J.P., Manguin, S., Prabaripai, A. and Chareonviriyaphap, T. (2012).  Species diversity and biting activity of Anopheles dirus and Anopheles baimaii (Diptera: Culicidae) in a malaria prone area of western Thailand. Parasites & Vectors, 5(1):211"
"Thailand","Anopheles dirus (formerly Sp. A)",NA,NA,NA,"",19.35,80.65,"%calc","","","","","Tananchai, C., Tisgratog, R., Juntarajumnong, W., Grieco, J.P., Manguin, S., Prabaripai, A. and Chareonviriyaphap, T. (2012).  Species diversity and biting activity of Anopheles dirus and Anopheles baimaii (Diptera: Culicidae) in a malaria prone area of western Thailand. Parasites & Vectors, 5(1):211"
"Thailand","Anopheles dirus (formerly Sp. A)",NA,NA,NA,"",20.95,79.05,"%calc","","","","","Tananchai, C., Tisgratog, R., Juntarajumnong, W., Grieco, J.P., Manguin, S., Prabaripai, A. and Chareonviriyaphap, T. (2012).  Species diversity and biting activity of Anopheles dirus and Anopheles baimaii (Diptera: Culicidae) in a malaria prone area of western Thailand. Parasites & Vectors, 5(1):211"
"Thailand","Anopheles baimaii (formerly dirus Sp. D)",NA,NA,NA,"",25,75,"%calc","","","","","Tananchai, C., Tisgratog, R., Juntarajumnong, W., Grieco, J.P., Manguin, S., Prabaripai, A. and Chareonviriyaphap, T. (2012).  Species diversity and biting activity of Anopheles dirus and Anopheles baimaii (Diptera: Culicidae) in a malaria prone area of western Thailand. Parasites & Vectors, 5(1):211"
"Thailand","Anopheles baimaii (formerly dirus Sp. D)",NA,NA,NA,"",25,75,"%calc","","","","","Tananchai, C., Tisgratog, R., Juntarajumnong, W., Grieco, J.P., Manguin, S., Prabaripai, A. and Chareonviriyaphap, T. (2012).  Species diversity and biting activity of Anopheles dirus and Anopheles baimaii (Diptera: Culicidae) in a malaria prone area of western Thailand. Parasites & Vectors, 5(1):211"
"Thailand","Anopheles baimaii (formerly dirus Sp. D)",NA,NA,NA,"",100,0,"%calc","","","","","Tananchai, C., Tisgratog, R., Juntarajumnong, W., Grieco, J.P., Manguin, S., Prabaripai, A. and Chareonviriyaphap, T. (2012).  Species diversity and biting activity of Anopheles dirus and Anopheles baimaii (Diptera: Culicidae) in a malaria prone area of western Thailand. Parasites & Vectors, 5(1):211"
"Thailand","Anopheles baimaii (formerly dirus Sp. D)",NA,NA,NA,"",33.33,66.67,"%calc","","","","","Tananchai, C., Tisgratog, R., Juntarajumnong, W., Grieco, J.P., Manguin, S., Prabaripai, A. and Chareonviriyaphap, T. (2012).  Species diversity and biting activity of Anopheles dirus and Anopheles baimaii (Diptera: Culicidae) in a malaria prone area of western Thailand. Parasites & Vectors, 5(1):211"
"Thailand","Anopheles baimaii (formerly dirus Sp. D)",NA,NA,NA,"",14.29,85.71,"%calc","","","","","Tananchai, C., Tisgratog, R., Juntarajumnong, W., Grieco, J.P., Manguin, S., Prabaripai, A. and Chareonviriyaphap, T. (2012).  Species diversity and biting activity of Anopheles dirus and Anopheles baimaii (Diptera: Culicidae) in a malaria prone area of western Thailand. Parasites & Vectors, 5(1):211"
"Thailand","Anopheles baimaii (formerly dirus Sp. D)",NA,NA,NA,"",10,90,"%calc","","","","","Tananchai, C., Tisgratog, R., Juntarajumnong, W., Grieco, J.P., Manguin, S., Prabaripai, A. and Chareonviriyaphap, T. (2012).  Species diversity and biting activity of Anopheles dirus and Anopheles baimaii (Diptera: Culicidae) in a malaria prone area of western Thailand. Parasites & Vectors, 5(1):211"
"Philippines","Anopheles flavirostris",NA,NA,NA,"",43.96,56.04,"%calc","","","","","Torres, E.P., Salazar, N.P., Belizario, V.Y. and Saul, A. (1997).  Vector abundance and behaviour in an area of low malaria endemicity in Bataan, the Philippines. Acta Tropica, 63(4):209-20"
"Philippines","Maculatus Group",NA,NA,NA,"",27.42,72.58,"%calc","","","","","Torres, E.P., Salazar, N.P., Belizario, V.Y. and Saul, A. (1997).  Vector abundance and behaviour in an area of low malaria endemicity in Bataan, the Philippines. Acta Tropica, 63(4):209-20"
"Philippines","Anopheles flavirostris",NA,NA,NA,"",23.71,76.29,"%calc","","","","","Schultz, G.W. (1989).  Animal influence on man-biting rates at a malarious site in Palawan, Philippines. The Southeast Asian Journal of Tropical Medicine and Public Health, 20(1):49-53"
"Philippines","Anopheles annularis complex",NA,NA,NA,"",2.22,97.78,"%calc","","","","","Schultz, G.W. (1989).  Animal influence on man-biting rates at a malarious site in Palawan, Philippines. The Southeast Asian Journal of Tropical Medicine and Public Health, 20(1):49-53"
"Philippines","Anopheles subpictus complex",NA,NA,NA,"",0,100,"%calc","","","","","Schultz, G.W. (1989).  Animal influence on man-biting rates at a malarious site in Palawan, Philippines. The Southeast Asian Journal of Tropical Medicine and Public Health, 20(1):49-53"
"Philippines","Maculatus Group",NA,NA,NA,"",0,100,"%calc","","","","","Schultz, G.W. (1989).  Animal influence on man-biting rates at a malarious site in Palawan, Philippines. The Southeast Asian Journal of Tropical Medicine and Public Health, 20(1):49-53"
"Philippines","Anopheles balabacensis (leucosphyrus)",NA,NA,NA,"",40,60,"%calc","","","","","Schultz, G.W. (1989).  Animal influence on man-biting rates at a malarious site in Palawan, Philippines. The Southeast Asian Journal of Tropical Medicine and Public Health, 20(1):49-53"
"Philippines","Anopheles flavirostris",NA,NA,NA,"",44.6,55.4,"%","","","","","Schultz, G.W. (1993).  A survey of the mosquitos (Diptera: Culicidae) of Napsan, Palawan, Republic of the Philippines. The Southeast Asian Journal of Tropical Medicine and Public Health, 24(2):376-83"
"Philippines","Anopheles flavirostris",NA,NA,NA,"",46.9,53.1,"%","","","","","Schultz, G.W. (1993).  A survey of the mosquitos (Diptera: Culicidae) of Napsan, Palawan, Republic of the Philippines. The Southeast Asian Journal of Tropical Medicine and Public Health, 24(2):376-83"
"Philippines","Anopheles flavirostris",NA,NA,NA,"",46,54,"%","","","","","Schultz, G.W. (1993).  A survey of the mosquitos (Diptera: Culicidae) of Napsan, Palawan, Republic of the Philippines. The Southeast Asian Journal of Tropical Medicine and Public Health, 24(2):376-83"
"Philippines","Anopheles flavirostris",NA,NA,NA,"",67.3,32.7,"%","","","","","Schultz, G.W. (1993).  A survey of the mosquitos (Diptera: Culicidae) of Napsan, Palawan, Republic of the Philippines. The Southeast Asian Journal of Tropical Medicine and Public Health, 24(2):376-83"
"Malaysia","Anopheles barbirostris complex",NA,NA,NA,"",0,100,"%calc","","","","","Tan, C.H., Vythilingam, I., Matusop, A., Chan, S.T. and Singh, B. (2008).  Bionomics of Anopheles latens in Kapit, Sarawak, Malaysian Borneo in relation to the transmission of zoonotic simian malaria parasite Plasmodium knowlesi. Malaria Journal, 7:52"
"Malaysia","Anopheles latens (leucospyrus)",NA,NA,NA,"",29.37,70.63,"%calc","","","","","Tan, C.H., Vythilingam, I., Matusop, A., Chan, S.T. and Singh, B. (2008).  Bionomics of Anopheles latens in Kapit, Sarawak, Malaysian Borneo in relation to the transmission of zoonotic simian malaria parasite Plasmodium knowlesi. Malaria Journal, 7:52"
"Malaysia","Maculatus Group",NA,NA,NA,"",0,100,"%calc","","","","","Tan, C.H., Vythilingam, I., Matusop, A., Chan, S.T. and Singh, B. (2008).  Bionomics of Anopheles latens in Kapit, Sarawak, Malaysian Borneo in relation to the transmission of zoonotic simian malaria parasite Plasmodium knowlesi. Malaria Journal, 7:52"
"Malaysia","Maculatus Group",NA,NA,NA,"",24.39,75.61,"%calc","","","","","Chiang, G.L., Loong, K.P., Chan, S.T., Eng, K.L. and Yap, H.H. (1991).  Capture-recapture studies with Anopheles maculatus Theobald (Diptera: Culicidae) the vector of malaria in peninsular Malaysia. The Southeast Asian Journal of Tropical Medicine and Public Health, 22(4):643-7"
"Malaysia","Anopheles aconitus",NA,NA,NA,"",0,100,"%calc","","","","","Jiram, A.I., Vythilingam, I., NoorAzian, Y.M., Yusof, Y.M., Azahari, A.H. and Fong, M.Y. (2012).  Entomologic investigation of Plasmodium knowlesi vectors in Kuala Lipis, Pahang, Malaysia. Malaria Journal, 11(1):213"
"Malaysia","Anopheles barbirostris complex",NA,NA,NA,"",0,100,"%calc","","","","","Jiram, A.I., Vythilingam, I., NoorAzian, Y.M., Yusof, Y.M., Azahari, A.H. and Fong, M.Y. (2012).  Entomologic investigation of Plasmodium knowlesi vectors in Kuala Lipis, Pahang, Malaysia. Malaria Journal, 11(1):213"
"Malaysia","Anopheles cracens (formerly dirus Sp. B)",NA,NA,NA,"",0,100,"%calc","","","","","Jiram, A.I., Vythilingam, I., NoorAzian, Y.M., Yusof, Y.M., Azahari, A.H. and Fong, M.Y. (2012).  Entomologic investigation of Plasmodium knowlesi vectors in Kuala Lipis, Pahang, Malaysia. Malaria Journal, 11(1):213"
"Malaysia","Anopheles leucosphyrus complex",NA,NA,NA,"",0,100,"%calc","","","","","Jiram, A.I., Vythilingam, I., NoorAzian, Y.M., Yusof, Y.M., Azahari, A.H. and Fong, M.Y. (2012).  Entomologic investigation of Plasmodium knowlesi vectors in Kuala Lipis, Pahang, Malaysia. Malaria Journal, 11(1):213"
"Malaysia","Maculatus Group",NA,NA,NA,"",0,100,"%calc","","","","","Jiram, A.I., Vythilingam, I., NoorAzian, Y.M., Yusof, Y.M., Azahari, A.H. and Fong, M.Y. (2012).  Entomologic investigation of Plasmodium knowlesi vectors in Kuala Lipis, Pahang, Malaysia. Malaria Journal, 11(1):213"
"Solomon Islands","Anopheles farauti complex",NA,NA,NA,"",1,1.97,"I:O","","","","","Kere, N.K., Arabola, A., Bakote'e, B., Qalo, O., Burkot, T.R., Webber, R.H. and Southgate, B.A. (1996).  Permethrin-impregnated bednets are more effective than DDT house-spraying to control malaria in Solomon Islands. Medical and Veterinary Entomology, 10(2):145-8"
"Solomon Islands","Anopheles farauti complex",NA,NA,NA,"",1,1.93,"I:O","","","","","Kere, N.K., Arabola, A., Bakote'e, B., Qalo, O., Burkot, T.R., Webber, R.H. and Southgate, B.A. (1996).  Permethrin-impregnated bednets are more effective than DDT house-spraying to control malaria in Solomon Islands. Medical and Veterinary Entomology, 10(2):145-8"
"Solomon Islands","Anopheles farauti complex",NA,NA,NA,"",1,1.76,"I:O","","","","","Kere, N.K., Arabola, A., Bakote'e, B., Qalo, O., Burkot, T.R., Webber, R.H. and Southgate, B.A. (1996).  Permethrin-impregnated bednets are more effective than DDT house-spraying to control malaria in Solomon Islands. Medical and Veterinary Entomology, 10(2):145-8"
"Solomon Islands","Anopheles farauti complex",NA,NA,NA,"",58.97,41.03,"%calc","","","","","Samarawickrema, W.A., Parkinson, A.D., Kere, N. and Galo, O. (1992).  Seasonal abundance and biting behaviour of Anopheles punctulatus  and An. koliensis in Malaita Province, Solomon Islands, and a trial of permethrin impregnated bednets against malaria transmission. Medical and Veterinary Entomology, 6(4):371-8"
"Solomon Islands","Anopheles punctulatus complex",NA,NA,NA,"",67.12,32.88,"%calc","","","","","Samarawickrema, W.A., Parkinson, A.D., Kere, N. and Galo, O. (1992).  Seasonal abundance and biting behaviour of Anopheles punctulatus  and An. koliensis in Malaita Province, Solomon Islands, and a trial of permethrin impregnated bednets against malaria transmission. Medical and Veterinary Entomology, 6(4):371-8"
"Solomon Islands","Anopheles koliensis",NA,NA,NA,"",58.16,41.84,"%calc","","","","","Samarawickrema, W.A., Parkinson, A.D., Kere, N. and Galo, O. (1992).  Seasonal abundance and biting behaviour of Anopheles punctulatus  and An. koliensis in Malaita Province, Solomon Islands, and a trial of permethrin impregnated bednets against malaria transmission. Medical and Veterinary Entomology, 6(4):371-8"
"Solomon Islands","Anopheles farauti (formerly No.1)",NA,NA,NA,"",48,52,"%calc","","","","","Bugoro, H., Ira'ofa, C., Mackenzie, D.O., Apairamo, A., Hevalao, W., Corcoran, S., Bobogare, A., Beebe, N.W., Russell, T.L., Chen, C.C. and Cooper, R.D. (2011).  Changes in vector species composition and current vector biology and behaviour will favour malaria elimination in Santa Isabel Province, Solomon Islands. Malaria Journal, 10(1):287"
"Solomon Islands","Anopheles farauti (formerly No.1)",NA,NA,NA,"",22.1,77.9,"%","","","","","Bugoro, H., Cooper, R.D., Butafa, C., Iro'ofa, C., Mackenzie, D.O., Chen, C.C. and Russell, T.L. (2011).  Bionomics of the malaria vector Anopheles farauti in Temotu Province, Solomon Islands: issues for malaria elimination. Malaria Journal, 10(1):133"
"Solomon Islands","Anopheles farauti (formerly No.1)",NA,NA,NA,"",43.2,56.8,"%","","","","","Bugoro, H., Cooper, R.D., Butafa, C., Iro'ofa, C., Mackenzie, D.O., Chen, C.C. and Russell, T.L. (2011).  Bionomics of the malaria vector Anopheles farauti in Temotu Province, Solomon Islands: issues for malaria elimination. Malaria Journal, 10(1):133"
"Solomon Islands","Anopheles farauti (formerly No.1)",NA,NA,NA,"",22.3,77.7,"%","","","","","Bugoro, H., Cooper, R.D., Butafa, C., Iro'ofa, C., Mackenzie, D.O., Chen, C.C. and Russell, T.L. (2011).  Bionomics of the malaria vector Anopheles farauti in Temotu Province, Solomon Islands: issues for malaria elimination. Malaria Journal, 10(1):133"
"Solomon Islands","Anopheles farauti (formerly No.1)",NA,NA,NA,"",35.7,64.3,"%","","","","","Bugoro, H., Cooper, R.D., Butafa, C., Iro'ofa, C., Mackenzie, D.O., Chen, C.C. and Russell, T.L. (2011).  Bionomics of the malaria vector Anopheles farauti in Temotu Province, Solomon Islands: issues for malaria elimination. Malaria Journal, 10(1):133"
"Solomon Islands","Anopheles farauti (formerly No.1)",NA,NA,NA,"",29,71,"%","","","","","Bugoro, H., Hii, J.L., Butafa, C., Iro'ofa, C., Apairamo, A., Cooper, R.D., Chen, C.C. and Russell, T.L. (2014).  The bionomics of the malaria vector Anopheles farauti in Northern Guadalcanal, Solomon Islands: issues for successful vector control. Malaria Journal, 13(1):56"
"Solomon Islands","Anopheles farauti (formerly No.1)",NA,NA,NA,"",31,69,"%","","","","","Bugoro, H., Hii, J.L., Butafa, C., Iro'ofa, C., Apairamo, A., Cooper, R.D., Chen, C.C. and Russell, T.L. (2014).  The bionomics of the malaria vector Anopheles farauti in Northern Guadalcanal, Solomon Islands: issues for successful vector control. Malaria Journal, 13(1):56"
"Solomon Islands","Anopheles farauti (formerly No.1)",NA,NA,NA,"",44,56,"%","","","","","Bugoro, H., Hii, J.L., Butafa, C., Iro'ofa, C., Apairamo, A., Cooper, R.D., Chen, C.C. and Russell, T.L. (2014).  The bionomics of the malaria vector Anopheles farauti in Northern Guadalcanal, Solomon Islands: issues for successful vector control. Malaria Journal, 13(1):56"
"Indonesia","Anopheles annularis complex",NA,NA,NA,"",66.67,33.33,"%calc","","","t","t","Barbara, K.A., Sukowati, S., Rusmiarto, S., Susapto, D., Bangs, M.J. and Kinzer, M.H. (2011).  Survey of Anopheles mosquitoes (Diptera:Culicidae) in West Sumba District, Indonesia. The Southeast Asian Journal of Tropical Medicine and Public Health, 42(1):71-82"
"Indonesia","Anopheles barbirostris complex",NA,NA,NA,"",40,60,"%calc","","","","","Barbara, K.A., Sukowati, S., Rusmiarto, S., Susapto, D., Bangs, M.J. and Kinzer, M.H. (2011).  Survey of Anopheles mosquitoes (Diptera:Culicidae) in West Sumba District, Indonesia. The Southeast Asian Journal of Tropical Medicine and Public Health, 42(1):71-82"
"Indonesia","Maculatus Group",NA,NA,NA,"",0,100,"%calc","","","","","Barbara, K.A., Sukowati, S., Rusmiarto, S., Susapto, D., Bangs, M.J. and Kinzer, M.H. (2011).  Survey of Anopheles mosquitoes (Diptera:Culicidae) in West Sumba District, Indonesia. The Southeast Asian Journal of Tropical Medicine and Public Health, 42(1):71-82"
"Indonesia","Anopheles subpictus complex",NA,NA,NA,"",56.96,43.04,"%calc","t","","","","Barbara, K.A., Sukowati, S., Rusmiarto, S., Susapto, D., Bangs, M.J. and Kinzer, M.H. (2011).  Survey of Anopheles mosquitoes (Diptera:Culicidae) in West Sumba District, Indonesia. The Southeast Asian Journal of Tropical Medicine and Public Health, 42(1):71-82"
"Indonesia","Anopheles sundaicus complex",NA,NA,NA,"",0,100,"%calc","","","","","Barbara, K.A., Sukowati, S., Rusmiarto, S., Susapto, D., Bangs, M.J. and Kinzer, M.H. (2011).  Survey of Anopheles mosquitoes (Diptera:Culicidae) in West Sumba District, Indonesia. The Southeast Asian Journal of Tropical Medicine and Public Health, 42(1):71-82"
"Indonesia","Anopheles annularis complex",NA,NA,NA,"",0,100,"%calc","","","","","Barbara, K.A., Sukowati, S., Rusmiarto, S., Susapto, D., Bangs, M.J. and Kinzer, M.H. (2011).  Survey of Anopheles mosquitoes (Diptera:Culicidae) in West Sumba District, Indonesia. The Southeast Asian Journal of Tropical Medicine and Public Health, 42(1):71-82"
"Indonesia","Anopheles barbirostris complex",NA,NA,NA,"",100,0,"%calc","","","","","Barbara, K.A., Sukowati, S., Rusmiarto, S., Susapto, D., Bangs, M.J. and Kinzer, M.H. (2011).  Survey of Anopheles mosquitoes (Diptera:Culicidae) in West Sumba District, Indonesia. The Southeast Asian Journal of Tropical Medicine and Public Health, 42(1):71-82"
"Indonesia","Anopheles subpictus complex",NA,NA,NA,"",58.33,41.67,"%calc","","t","t","","Barbara, K.A., Sukowati, S., Rusmiarto, S., Susapto, D., Bangs, M.J. and Kinzer, M.H. (2011).  Survey of Anopheles mosquitoes (Diptera:Culicidae) in West Sumba District, Indonesia. The Southeast Asian Journal of Tropical Medicine and Public Health, 42(1):71-82"
"Indonesia","Anopheles sundaicus complex",NA,NA,NA,"",52.86,47.14,"%calc","t","","","","Barbara, K.A., Sukowati, S., Rusmiarto, S., Susapto, D., Bangs, M.J. and Kinzer, M.H. (2011).  Survey of Anopheles mosquitoes (Diptera:Culicidae) in West Sumba District, Indonesia. The Southeast Asian Journal of Tropical Medicine and Public Health, 42(1):71-82"
"Indonesia","Anopheles aconitus",NA,NA,NA,"",45.26,54.74,"%calc","t","t","","","Barbara, K.A., Sukowati, S., Rusmiarto, S., Susapto, D., Bangs, M.J. and Kinzer, M.H. (2011).  Survey of Anopheles mosquitoes (Diptera:Culicidae) in West Sumba District, Indonesia. The Southeast Asian Journal of Tropical Medicine and Public Health, 42(1):71-82"
"Indonesia","Anopheles annularis complex",NA,NA,NA,"",100,0,"%calc","","","","","Barbara, K.A., Sukowati, S., Rusmiarto, S., Susapto, D., Bangs, M.J. and Kinzer, M.H. (2011).  Survey of Anopheles mosquitoes (Diptera:Culicidae) in West Sumba District, Indonesia. The Southeast Asian Journal of Tropical Medicine and Public Health, 42(1):71-82"
"Indonesia","Anopheles barbirostris complex",NA,NA,NA,"",30,70,"%calc","","","","","Barbara, K.A., Sukowati, S., Rusmiarto, S., Susapto, D., Bangs, M.J. and Kinzer, M.H. (2011).  Survey of Anopheles mosquitoes (Diptera:Culicidae) in West Sumba District, Indonesia. The Southeast Asian Journal of Tropical Medicine and Public Health, 42(1):71-82"
"Indonesia","Anopheles flavirostris",NA,NA,NA,"",45.45,54.55,"%calc","","","","","Barbara, K.A., Sukowati, S., Rusmiarto, S., Susapto, D., Bangs, M.J. and Kinzer, M.H. (2011).  Survey of Anopheles mosquitoes (Diptera:Culicidae) in West Sumba District, Indonesia. The Southeast Asian Journal of Tropical Medicine and Public Health, 42(1):71-82"
"Indonesia","Anopheles leucosphyrus complex",NA,NA,NA,"",100,0,"%calc","","","","","Barbara, K.A., Sukowati, S., Rusmiarto, S., Susapto, D., Bangs, M.J. and Kinzer, M.H. (2011).  Survey of Anopheles mosquitoes (Diptera:Culicidae) in West Sumba District, Indonesia. The Southeast Asian Journal of Tropical Medicine and Public Health, 42(1):71-82"
"Indonesia","Maculatus Group",NA,NA,NA,"",20,80,"%calc","","","","","Barbara, K.A., Sukowati, S., Rusmiarto, S., Susapto, D., Bangs, M.J. and Kinzer, M.H. (2011).  Survey of Anopheles mosquitoes (Diptera:Culicidae) in West Sumba District, Indonesia. The Southeast Asian Journal of Tropical Medicine and Public Health, 42(1):71-82"
"Indonesia","Anopheles subpictus complex",NA,NA,NA,"",33.33,66.67,"%calc","","","","","Barbara, K.A., Sukowati, S., Rusmiarto, S., Susapto, D., Bangs, M.J. and Kinzer, M.H. (2011).  Survey of Anopheles mosquitoes (Diptera:Culicidae) in West Sumba District, Indonesia. The Southeast Asian Journal of Tropical Medicine and Public Health, 42(1):71-82"
"Indonesia","Anopheles subpictus complex",NA,NA,NA,"",100,0,"%calc","","","","","Herdiana, H., Fuad, A., Asih, P.B., Zubaedah, S., Arisanti, R.R., Syafruddin, D., Kusnanto, H., Sumiwi, M.E., Yuniarti, T., Imran, A., Rahmadyani, R., Yani, M., Kusriastuti, R., Tarmizi, S.N., Laihad, F.J. and Hawley, W.A. (2013).  Progress towards malaria elimination in Sabang Municipality, Aceh, Indonesia. Malaria Journal, 12(1):42"
"Indonesia","Anopheles aconitus",NA,NA,NA,"",100,0,"%calc","","","","","Herdiana, H., Fuad, A., Asih, P.B., Zubaedah, S., Arisanti, R.R., Syafruddin, D., Kusnanto, H., Sumiwi, M.E., Yuniarti, T., Imran, A., Rahmadyani, R., Yani, M., Kusriastuti, R., Tarmizi, S.N., Laihad, F.J. and Hawley, W.A. (2013).  Progress towards malaria elimination in Sabang Municipality, Aceh, Indonesia. Malaria Journal, 12(1):42"
"Indonesia","Anopheles dirus complex",NA,NA,NA,"",0,100,"%calc","","","","","Herdiana, H., Fuad, A., Asih, P.B., Zubaedah, S., Arisanti, R.R., Syafruddin, D., Kusnanto, H., Sumiwi, M.E., Yuniarti, T., Imran, A., Rahmadyani, R., Yani, M., Kusriastuti, R., Tarmizi, S.N., Laihad, F.J. and Hawley, W.A. (2013).  Progress towards malaria elimination in Sabang Municipality, Aceh, Indonesia. Malaria Journal, 12(1):42"
"Indonesia","Anopheles sundaicus complex",NA,NA,NA,"",0,100,"%calc","","","","","Herdiana, H., Fuad, A., Asih, P.B., Zubaedah, S., Arisanti, R.R., Syafruddin, D., Kusnanto, H., Sumiwi, M.E., Yuniarti, T., Imran, A., Rahmadyani, R., Yani, M., Kusriastuti, R., Tarmizi, S.N., Laihad, F.J. and Hawley, W.A. (2013).  Progress towards malaria elimination in Sabang Municipality, Aceh, Indonesia. Malaria Journal, 12(1):42"
"Indonesia","Anopheles flavirostris",NA,NA,NA,"",0,100,"%calc","","","","","Herdiana, H., Fuad, A., Asih, P.B., Zubaedah, S., Arisanti, R.R., Syafruddin, D., Kusnanto, H., Sumiwi, M.E., Yuniarti, T., Imran, A., Rahmadyani, R., Yani, M., Kusriastuti, R., Tarmizi, S.N., Laihad, F.J. and Hawley, W.A. (2013).  Progress towards malaria elimination in Sabang Municipality, Aceh, Indonesia. Malaria Journal, 12(1):42"
"Indonesia","Anopheles flavirostris",NA,NA,NA,"",0,100,"%calc","","","","","Herdiana, H., Fuad, A., Asih, P.B., Zubaedah, S., Arisanti, R.R., Syafruddin, D., Kusnanto, H., Sumiwi, M.E., Yuniarti, T., Imran, A., Rahmadyani, R., Yani, M., Kusriastuti, R., Tarmizi, S.N., Laihad, F.J. and Hawley, W.A. (2013).  Progress towards malaria elimination in Sabang Municipality, Aceh, Indonesia. Malaria Journal, 12(1):42"
"Indonesia","Anopheles dirus complex",NA,NA,NA,"",0,100,"%calc","","","","","Herdiana, H., Fuad, A., Asih, P.B., Zubaedah, S., Arisanti, R.R., Syafruddin, D., Kusnanto, H., Sumiwi, M.E., Yuniarti, T., Imran, A., Rahmadyani, R., Yani, M., Kusriastuti, R., Tarmizi, S.N., Laihad, F.J. and Hawley, W.A. (2013).  Progress towards malaria elimination in Sabang Municipality, Aceh, Indonesia. Malaria Journal, 12(1):42"
"Indonesia","Anopheles minimus complex",NA,NA,NA,"",0,100,"%calc","","","","","Herdiana, H., Fuad, A., Asih, P.B., Zubaedah, S., Arisanti, R.R., Syafruddin, D., Kusnanto, H., Sumiwi, M.E., Yuniarti, T., Imran, A., Rahmadyani, R., Yani, M., Kusriastuti, R., Tarmizi, S.N., Laihad, F.J. and Hawley, W.A. (2013).  Progress towards malaria elimination in Sabang Municipality, Aceh, Indonesia. Malaria Journal, 12(1):42"
"Indonesia","Anopheles aconitus",NA,NA,NA,"",12.5,87.5,"%calc","","","","","Herdiana, H., Fuad, A., Asih, P.B., Zubaedah, S., Arisanti, R.R., Syafruddin, D., Kusnanto, H., Sumiwi, M.E., Yuniarti, T., Imran, A., Rahmadyani, R., Yani, M., Kusriastuti, R., Tarmizi, S.N., Laihad, F.J. and Hawley, W.A. (2013).  Progress towards malaria elimination in Sabang Municipality, Aceh, Indonesia. Malaria Journal, 12(1):42"
"Indonesia","Anopheles flavirostris",NA,NA,NA,"",100,0,"%calc","","","","","Herdiana, H., Fuad, A., Asih, P.B., Zubaedah, S., Arisanti, R.R., Syafruddin, D., Kusnanto, H., Sumiwi, M.E., Yuniarti, T., Imran, A., Rahmadyani, R., Yani, M., Kusriastuti, R., Tarmizi, S.N., Laihad, F.J. and Hawley, W.A. (2013).  Progress towards malaria elimination in Sabang Municipality, Aceh, Indonesia. Malaria Journal, 12(1):42"
"Indonesia","Anopheles aconitus",NA,NA,NA,"",0,100,"%calc","","","","","Herdiana, H., Fuad, A., Asih, P.B., Zubaedah, S., Arisanti, R.R., Syafruddin, D., Kusnanto, H., Sumiwi, M.E., Yuniarti, T., Imran, A., Rahmadyani, R., Yani, M., Kusriastuti, R., Tarmizi, S.N., Laihad, F.J. and Hawley, W.A. (2013).  Progress towards malaria elimination in Sabang Municipality, Aceh, Indonesia. Malaria Journal, 12(1):42"
"Papua New Guinea","Anopheles punctulatus complex",NA,NA,90,"HBI (%)",0.87,1,"I:O","","","","","Hii, J.L., Smith, T., Mai, A., Mellor, S., Lewis, D., Alexander, N. and Alpers, M.P. (1997).  Spatial and temporal variation in abundance of Anopheles (Diptera:Culicidae) in a malaria endemic area in Papua New Guinea. Journal of Medical Entomology, 34(2):193-205"
"Papua New Guinea","Anopheles koliensis",84.1,70.1,79,"HBI (%)",0.95,1,"I:O","","","","","Hii, J.L., Smith, T., Mai, A., Mellor, S., Lewis, D., Alexander, N. and Alpers, M.P. (1997).  Spatial and temporal variation in abundance of Anopheles (Diptera:Culicidae) in a malaria endemic area in Papua New Guinea. Journal of Medical Entomology, 34(2):193-205"
"Papua New Guinea","Anopheles farauti complex",NA,NA,88,"HBI (%)",0.72,1,"I:O","","","","","Hii, J.L., Smith, T., Mai, A., Mellor, S., Lewis, D., Alexander, N. and Alpers, M.P. (1997).  Spatial and temporal variation in abundance of Anopheles (Diptera:Culicidae) in a malaria endemic area in Papua New Guinea. Journal of Medical Entomology, 34(2):193-205"
"Papua New Guinea","Anopheles punctulatus complex",NA,NA,NA,"",50.21,49.79,"%calc","","","","","Bockarie, M., Kazura, J., Alexander, N., Dagoro, H., Bockarie, F., Perry, R. and Alpers, M. (1996).  Transmission dynamics of Wuchereria bancrofti in East Sepik Province, Papua New Guinea. American Journal of Tropical Medicine and Hygiene, 54(6):577-81"
"Papua New Guinea","Anopheles koliensis",NA,NA,NA,"",50.08,49.92,"%calc","","","","","Bockarie, M., Kazura, J., Alexander, N., Dagoro, H., Bockarie, F., Perry, R. and Alpers, M. (1996).  Transmission dynamics of Wuchereria bancrofti in East Sepik Province, Papua New Guinea. American Journal of Tropical Medicine and Hygiene, 54(6):577-81"
"China","Anopheles dirus complex",NA,NA,NA,"",1,2.79,"I:O","","t","","","Lin, C.F., He, Y.J., Tang, D.H. and Ji, W.Q. (2000).  Surveillance on Anopheles dirus in malaria hyperendemic areas in Hainan Province (1990-1994). Chinese Journal of Parasitic Disease and Control, 13(1):5-7"
"India","Anopheles dirus complex",NA,95.7,87.8,"HBI (%)",4.8,5,"I:O","t","t","t","","Dutta, P., Bhattacharyya, D.R., Khan, S.A., Sharma, C.K. and Mahanta, J. (1996).  Feeding patterns of Anopheles dirus, the major vector of forest malaria in north east India. The Southeast Asian Journal of Tropical Medicine and Public Health, 27(2):378-81"
"India","Anopheles sundaicus complex",NA,NA,NA,"",69.78,30.22,"%","","","","","Kumari, R. and Sharma, V.P. (1994).  Resting and biting habits of Anopheles sundaicus in Car Nicobar Island. Indian Journal of Malariology, 31(3):103-14"
